53.600651,9.827795,
53.600354,9.827735,
53.600101,9.827679,
53.599865,9.827589,
53.599655,9.827499,
53.599703,9.827287,
53.599781,9.826954,
53.599871,9.826639,
53.599897,9.826565,
53.600003,9.826315,
53.600212,9.825889,
53.600296,9.825697,
53.600354,9.825526,
53.600393,9.825383,
53.600428,9.825145,
53.600435,9.825097,
53.600471,9.824803,
53.600488,9.824617,
53.6005,9.824317,
53.600504,9.824211,
53.600505,9.824183,
53.600528,9.823909,
53.600568,9.823588,
53.600602,9.823418,
53.60064,9.823238,
53.60067,9.823094,
53.600749,9.822851,
53.600848,9.822612,
53.600979,9.822396,
53.601107,9.822147,
53.60132,9.821672,
53.601449,9.821363,
53.601541,9.821096,
53.601622,9.820764,
53.601718,9.820275,
53.601811,9.819807,
53.601901,9.819482,
53.601984,9.819253,
53.602097,9.819047,
53.602207,9.818897,
53.60245,9.818659,
53.602667,9.818444,
53.602889,9.818224,
53.603022,9.818064,
53.603226,9.81779,
53.603376,9.817632,
53.603506,9.817535,
53.603643,9.817479,
53.603701,9.817459,
53.603886,9.817413,
53.604116,9.817351,
53.604199,9.817323,
53.604292,9.817278,
53.604418,9.817193,
53.604555,9.817089,
53.604939,9.816718,
53.605581,9.816052,
53.605861,9.815743,
53.605917,9.81568,
53.606788,9.814705,
53.606905,9.81459,
53.607004,9.814534,
53.60719,9.814449,
53.607387,9.814422,
53.607491,9.814417,
53.607915,9.814465,
53.608194,9.81451,
53.608857,9.814594,
53.608999,9.814613,
53.609102,9.81463,
53.60924,9.814642,
53.609536,9.814673,
53.609638,9.814678,
53.609947,9.814696,
53.610354,9.814692,
53.610886,9.814662,
53.611023,9.814649,
53.611158,9.814644,
53.611292,9.814654,
53.611401,9.814668,
53.611486,9.814689,
53.611571,9.814715,
53.611587,9.81472,
53.611684,9.814764,
53.611802,9.814827,
53.61193,9.814912,
53.612026,9.814991,
53.61212,9.815077,
53.612249,9.815205,
53.612277,9.815233,
53.612548,9.815506,
53.612695,9.815654,
53.612818,9.815785,
53.613008,9.815963,
53.613161,9.81609,
53.613313,9.816204,
53.613449,9.816289,
53.613575,9.816365,
53.613651,9.81641,
53.613736,9.816458,
53.613817,9.816505,
53.614038,9.816634,
53.614049,9.816641,
53.614251,9.816757,
53.614423,9.816857,
53.614554,9.81694,
53.61468,9.817012,
53.614844,9.817106,
53.615412,9.817431,
53.615621,9.817554,
53.615765,9.817635,
53.61592,9.817724,
53.616225,9.817902,
53.616788,9.818235,
53.61689,9.818314,
53.617249,9.81858,
53.617358,9.818674,
53.617566,9.818881,
53.617644,9.818973,
53.617797,9.819149,
53.617827,9.819183,
53.618135,9.819552,
53.618213,9.819644,
53.618472,9.819956,
53.618612,9.820127,
53.619202,9.820845,
53.61928,9.82094,
53.619922,9.821719,
53.620155,9.821981,
53.620392,9.822211,
53.620583,9.822366,
53.620703,9.822453,
53.620754,9.82249,
53.620853,9.822549,
53.620948,9.822606,
53.621056,9.822668,
53.621186,9.822742,
53.621212,9.822756,
53.621411,9.82286,
53.621718,9.823031,
53.621864,9.823112,
53.622009,9.823186,
53.622387,9.823377,
53.622498,9.823436,
53.622757,9.823572,
53.622798,9.823594,
53.623015,9.823711,
53.623188,9.823804,
53.623364,9.8239,
53.623441,9.823941,
53.623503,9.823982,
53.623618,9.824056,
53.623787,9.824192,
53.623873,9.824273,
53.623956,9.824366,
53.624043,9.824478,
53.624135,9.824607,
53.624204,9.824726,
53.624301,9.824895,
53.624395,9.825109,
53.624441,9.825226,
53.624484,9.825338,
53.624527,9.825473,
53.624567,9.825613,
53.624618,9.825808,
53.624667,9.826007,
53.624777,9.826457,
53.624887,9.826907,
53.62544,9.829166,
53.625553,9.82963,
53.625712,9.830275,
53.62587,9.830922,
53.625929,9.831151,
53.625993,9.831377,
53.626066,9.831588,
53.626105,9.831695,
53.626145,9.831798,
53.626226,9.831975,
53.626309,9.832148,
53.626397,9.832324,
53.626485,9.832501,
53.626619,9.83277,
53.626663,9.832857,
53.626754,9.833037,
53.626798,9.833123,
53.626943,9.833379,
53.627042,9.833527,
53.627173,9.833699,
53.627231,9.833767,
53.627343,9.833897,
53.627399,9.833952,
53.627437,9.833987,
53.627639,9.834186,
53.627871,9.834412,
53.628015,9.834551,
53.6283,9.834827,
53.628485,9.835018,
53.628665,9.835202,
53.628761,9.835297,
53.628828,9.835354,
53.628938,9.835457,
53.629334,9.835806,
53.629496,9.83595,
53.630194,9.836517,
53.630853,9.837067,
53.631054,9.837237,
53.631281,9.837437,
53.631353,9.837489,
53.631395,9.837522,
53.631499,9.837602,
53.631525,9.837616,
53.631656,9.837673,
53.631734,9.837693,
53.631821,9.837699,
53.631894,9.837704,
53.632012,9.837698,
53.632082,9.837678,
53.632131,9.837664,
53.632228,9.837629,
53.632365,9.837559,
53.632653,9.837418,
53.632778,9.837358,
53.632911,9.837289,
53.633011,9.837255,
53.633091,9.837232,
53.633133,9.837226,
53.633199,9.837227,
53.633203,9.837228,
53.633255,9.837236,
53.63331,9.837254,
53.633401,9.837287,
53.633473,9.837316,
53.633702,9.837415,
53.633734,9.837426,
53.633763,9.837431,
53.634142,9.837514,
53.634214,9.837526,
53.634345,9.837542,
53.634662,9.837582,
53.63488,9.837604,
53.635046,9.837636,
53.635074,9.837642,
53.635141,9.837655,
53.63522,9.837672,
53.635254,9.837677,
53.635562,9.837738,
53.635717,9.837765,
53.635802,9.83778,
53.636187,9.837877,
53.63622,9.837883,
53.636407,9.837918,
53.636568,9.837948,
53.636613,9.837956,
53.636788,9.837997,
53.637031,9.838052,
53.637341,9.838149,
53.637747,9.838258,
53.637805,9.838311,
53.637869,9.838375,
53.637948,9.838459,
53.637995,9.838538,
53.638034,9.838637,
53.638066,9.838805,
53.638127,9.839063,
53.638152,9.839196,
53.638189,9.839333,
53.638238,9.839451,
53.63829,9.839552,
53.638355,9.839635,
53.638423,9.839695,
53.63849,9.839745,
53.638679,9.839848,
53.638774,9.839986,
53.638845,9.84008,
53.638912,9.840225,
53.638953,9.84039,
53.638971,9.840548,
53.638971,9.840652,
53.638962,9.840756,
53.638932,9.840896,
53.638864,9.841138,
53.638765,9.841478,
53.638306,9.842592,
53.637832,9.843727,
53.637375,9.844862,
53.637065,9.845656,
53.63644,9.847267,
53.636195,9.847944,
53.635866,9.848876,
53.635544,9.849821,
53.635187,9.850898,
53.63487,9.851991,
53.63463,9.852819,
53.634461,9.853467,
53.634258,9.854224,
53.63395,9.855461,
53.633752,9.856208,
53.633618,9.856693,
53.63351,9.857067,
53.633327,9.857693,
53.632992,9.858788,
53.632657,9.859835,
53.632396,9.860621,
53.631935,9.861956,
53.631513,9.863117,
53.631078,9.864267,
53.630602,9.865468,
53.629828,9.867437,
53.629652,9.867903,
53.62942,9.868562,
53.629073,9.869556,
53.628975,9.869861,
53.628704,9.870755,
53.628613,9.871094,
53.62836,9.872077,
53.628047,9.873437,
53.627855,9.874362,
53.627489,9.876159,
53.627132,9.877898,
53.626747,9.879664,
53.626507,9.880672,
53.62632,9.881421,
53.626126,9.882169,
53.625838,9.883234,
53.625512,9.884385,
53.625127,9.885658,
53.62478,9.886757,
53.62469,9.887039,
53.624136,9.888784,
53.623932,9.889468,
53.623736,9.890159,
53.623478,9.891153,
53.623271,9.892018,
53.62313,9.892665,
53.623026,9.893177,
53.622977,9.893406,
53.622807,9.894346,
53.622719,9.894874,
53.622597,9.895671,
53.622255,9.898067,
53.622163,9.898668,
53.622073,9.899195,
53.621895,9.900129,
53.621799,9.900547,
53.621667,9.90108,
53.621469,9.901779,
53.621099,9.902891,
53.620861,9.903503,
53.620695,9.903888,
53.620367,9.90462,
53.620278,9.904784,
53.620011,9.905304,
53.619805,9.905677,
53.618878,9.907233,
53.618725,9.907471,
53.618417,9.90795,
53.617466,9.909361,
53.617307,9.909596,
53.616698,9.910458,
53.616186,9.911149,
53.615692,9.911773,
53.615203,9.912388,
53.613983,9.913806,
53.61351,9.914307,
53.613023,9.914727,
53.612555,9.915313,
53.612055,9.915735,
53.61179,9.915948,
53.611652,9.916059,
53.611212,9.916367,
53.610726,9.916699,
53.610687,9.916725,
53.610143,9.917041,
53.609953,9.917138,
53.609376,9.917433,
53.608767,9.917711,
53.608533,9.917802,
53.60828,9.917923,
53.607473,9.918308,
53.607081,9.918491,
53.607028,9.918521,
53.606757,9.918674,
53.606383,9.918889,
53.606354,9.918907,
53.605988,9.919128,
53.605591,9.919391,
53.60497,9.919802,
53.603889,9.920518,
53.603838,9.920551,
53.603719,9.920629,
53.603609,9.920701,
53.602702,9.921288,
53.602209,9.921555,
53.602191,9.921565,
53.601715,9.921828,
53.601339,9.92201,
53.600968,9.92218,
53.600633,9.92231,
53.600221,9.922483,
53.599811,9.922647,
53.599194,9.922813,
53.598302,9.923081,
53.597793,9.923188,
53.597688,9.92321,
53.597375,9.923224,
53.597019,9.923245,
53.59682,9.923256,
53.596611,9.923254,
53.59641,9.923235,
53.596107,9.923184,
53.595896,9.923131,
53.595716,9.923062,
53.595577,9.923004,
53.595286,9.922884,
53.595119,9.922788,
53.594932,9.922681,
53.594865,9.922642,
53.594708,9.922552,
53.594469,9.922239,
53.594414,9.92214,
53.594377,9.922043,
53.594351,9.92195,
53.594333,9.92185,
53.594324,9.921735,
53.594323,9.921621,
53.594333,9.921504,
53.594353,9.921404,
53.594383,9.921309,
53.594419,9.921226,
53.594466,9.921145,
53.594528,9.921067,
53.594575,9.921024,
53.594623,9.920991,
53.594682,9.920965,
53.59475,9.920961,
53.594819,9.920974,
53.594881,9.920991,
53.594932,9.921024,
53.594999,9.921081,
53.595095,9.921211,
53.595248,9.921478,
53.595643,9.922253,
53.595669,9.922295,
53.595767,9.922558,
53.595811,9.922672,
53.595831,9.922738,
53.595843,9.922804,
53.595849,9.922871,
53.595849,9.922909,
53.595848,9.922939,
53.595842,9.923006,
53.595828,9.92307,
53.595809,9.923129,
53.595472,9.923585,
53.595184,9.923967,
53.595109,9.924071,
53.595081,9.92411,
53.594754,9.924584,
53.594361,9.925307,
53.594098,9.925782,
53.593857,9.926195,
53.593647,9.926579,
53.593517,9.926768,
53.593272,9.927121,
53.593077,9.927401,
53.59284,9.92774,
53.59265,9.927939,
53.59254,9.928086,
53.592393,9.928271,
53.592337,9.928341,
53.592309,9.928383,
53.592273,9.928438,
53.592183,9.928591,
53.592098,9.928787,
53.592006,9.929022,
53.591941,9.929166,
53.591824,9.929379,
53.591692,9.929578,
53.591615,9.929678,
53.591551,9.929762,
53.591454,9.929858,
53.591309,9.929994,
53.591273,9.930026,
53.591252,9.930043,
53.591143,9.930141,
53.591064,9.930199,
53.590963,9.930268,
53.590858,9.930328,
53.590744,9.930384,
53.590626,9.93043,
53.590391,9.93052,
53.590361,9.930532,
53.590033,9.930658,
53.589883,9.930716,
53.589733,9.93078,
53.589594,9.930838,
53.589521,9.930873,
53.589325,9.930967,
53.589062,9.931099,
53.588586,9.931338,
53.588156,9.931551,
53.588091,9.931581,
53.587928,9.931658,
53.587694,9.931769,
53.587631,9.931799,
53.58757,9.931829,
53.587543,9.931842,
53.587501,9.931863,
53.587386,9.931918,
53.587297,9.931967,
53.586871,9.932194,
53.586835,9.932212,
53.586774,9.932243,
53.586409,9.932427,
53.586211,9.932525,
53.586175,9.932543,
53.586031,9.932617,
53.58589,9.932687,
53.585177,9.933045,
53.584997,9.933133,
53.584813,9.933206,
53.584562,9.933287,
53.584488,9.933311,
53.584153,9.933427,
53.583623,9.933584,
53.583586,9.93359,
53.583381,9.93361,
53.58317,9.933643,
53.583045,9.93367,
53.582877,9.933713,
53.582711,9.933786,
53.582634,9.933823,
53.582514,9.933874,
53.58234,9.933945,
53.581635,9.934157,
53.581361,9.934238,
53.581118,9.934311,
53.580635,9.934479,
53.580453,9.934569,
53.580332,9.934648,
53.580026,9.934912,
53.57964,9.935244,
53.579199,9.935624,
53.579151,9.935666,
53.579039,9.935767,
53.578937,9.935856,
53.578508,9.93621,
53.577902,9.936724,
53.577706,9.936891,
53.577372,9.937174,
53.57708,9.937414,
53.576991,9.937494,
53.576946,9.937534,
53.576749,9.937697,
53.576508,9.937905,
53.576391,9.938004,
53.576087,9.93828,
53.575959,9.938382,
53.575939,9.938397,
53.575849,9.938476,
53.575693,9.9386,
53.575663,9.938624,
53.575606,9.938669,
53.575476,9.938806,
53.575409,9.938869,
53.575281,9.938988,
53.575232,9.939033,
53.575081,9.939166,
53.57495,9.93928,
53.574852,9.939367,
53.574417,9.939749,
53.574354,9.939803,
53.574204,9.939936,
53.573806,9.94028,
53.573567,9.940511,
53.573333,9.940724,
53.573208,9.940854,
53.5731,9.940982,
53.572981,9.941134,
53.572961,9.941159,
53.572809,9.941351,
53.572636,9.941575,
53.572498,9.941792,
53.572434,9.941982,
53.572387,9.942105,
53.572343,9.942267,
53.572309,9.942472,
53.572303,9.94258,
53.572298,9.942691,
53.572303,9.942791,
53.572312,9.942883,
53.572328,9.943004,
53.572352,9.943127,
53.572391,9.943289,
53.572442,9.943487,
53.572658,9.944193,
53.572711,9.944374,
53.572776,9.944594,
53.572787,9.944644,
53.572873,9.944924,
53.572945,9.94518,
53.573182,9.946056,
53.573219,9.946268,
53.573249,9.946485,
53.573274,9.946713,
53.573286,9.94682,
53.573309,9.947156,
53.573343,9.947731,
53.573351,9.948104,
53.57335,9.948282,
53.573347,9.948368,
53.573337,9.948524,
53.573318,9.948681,
53.573299,9.94879,
53.573275,9.948891,
53.573254,9.948957,
53.573233,9.949016,
53.573207,9.949089,
53.573085,9.949359,
53.572915,9.949711,
53.572669,9.950162,
53.572625,9.950243,
53.572488,9.950492,
53.571944,9.951456,
53.571769,9.951782,
53.571595,9.952135,
53.571443,9.952506,
53.571414,9.952586,
53.571359,9.95274,
53.571304,9.952885,
53.571152,9.953315,
53.571058,9.953572,
53.570655,9.954729,
53.570594,9.954929,
53.570508,9.955274,
53.570469,9.955442,
53.570415,9.955673,
53.570398,9.955747,
53.570359,9.955914,
53.570304,9.956158,
53.570271,9.956294,
53.570255,9.956364,
53.570033,9.957276,
53.570013,9.957356,
53.569968,9.957543,
53.569921,9.957744,
53.569467,9.959682,
53.569416,9.960023,
53.569385,9.96037,
53.569377,9.960578,
53.56938,9.960801,
53.56939,9.961001,
53.569446,9.961828,
53.569453,9.961979,
53.569455,9.962225,
53.56945,9.962509,
53.569436,9.962918,
53.569433,9.96297,
53.56943,9.96303,
53.569409,9.963541,
53.569403,9.963692,
53.569397,9.963987,
53.569386,9.964309,
53.56937,9.964622,
53.569368,9.964646,
53.569337,9.965057,
53.569321,9.965218,
53.569296,9.965459,
53.569269,9.965676,
53.569241,9.965869,
53.569223,9.965971,
53.569189,9.966132,
53.569107,9.966419,
53.569052,9.966587,
53.568926,9.966933,
53.568824,9.967182,
53.568076,9.968881,
53.568012,9.968999,
53.567922,9.969149,
53.567836,9.969286,
53.567655,9.969695,
53.567636,9.969733,
53.567587,9.969832,
53.567533,9.969945,
53.567446,9.970135,
53.567393,9.97026,
53.567316,9.970431,
53.567085,9.970954,
53.566915,9.971481,
53.566641,9.972066,
53.566464,9.972444,
53.565336,9.974809,
53.565284,9.974919,
53.565051,9.975417,
53.564827,9.975871,
53.564793,9.97594,
53.564574,9.976422,
53.564493,9.976599,
53.564364,9.976837,
53.564312,9.976979,
53.564304,9.977,
53.564288,9.977048,
53.564262,9.977133,
53.564245,9.977199,
53.564231,9.977268,
53.564217,9.977353,
53.564205,9.977481,
53.564162,9.978544,
53.564154,9.978814,
53.564145,9.979069,
53.564135,9.979403,
53.564132,9.979926,
53.564127,9.980429,
53.564151,9.980824,
53.564146,9.981764,
53.564147,9.981964,
53.564147,9.982,
53.564149,9.982223,
53.564149,9.982243,
53.564148,9.98275,
53.564145,9.982949,
53.564135,9.983173,
53.564127,9.98337,
53.564116,9.983499,
53.564107,9.983608,
53.564094,9.983731,
53.564072,9.983927,
53.564058,9.984049,
53.564026,9.984217,
53.563986,9.98438,
53.563937,9.984537,
53.563881,9.984686,
53.563812,9.984875,
53.563748,9.985045,
53.56364,9.985319,
53.563537,9.985557,
53.563384,9.985865,
53.562625,9.987335,
53.562044,9.988481,
53.561998,9.988573,
53.561592,9.989376,
53.561552,9.989444,
53.561528,9.989487,
53.561474,9.989562,
53.56121,9.989863,
53.561083,9.990001,
53.56104,9.99005,
53.560797,9.990329,
53.56074,9.99039,
53.560667,9.990461,
53.560603,9.990521,
53.560534,9.990568,
53.560479,9.990611,
53.560422,9.990664,
53.560322,9.990758,
53.559824,9.991198,
53.559696,9.991332,
53.559571,9.99149,
53.559407,9.991718,
53.559259,9.991966,
53.55915,9.992176,
53.559063,9.992366,
53.558912,9.992829,
53.55886,9.992991,
53.558802,9.99317,
53.5587,9.993485,
53.558669,9.993576,
53.558624,9.99377,
53.558607,9.993849,
53.558595,9.993909,
53.558577,9.994014,
53.55857,9.994054,
53.558544,9.994205,
53.558524,9.994416,
53.558513,9.994532,
53.558498,9.994704,
53.558466,9.994989,
53.558459,9.995251,
53.558378,9.995563,
53.558219,9.99616,
53.558058,9.996764,
53.557893,9.997342,
53.557875,9.997405,
53.557592,9.998481,
53.557483,9.99889,
53.557394,9.999304,
53.55736,9.999465,
53.557306,9.999811,
53.557287,10.000095,
53.557283,10.000359,
53.557285,10.000877,
53.557287,10.001087,
53.557224,10.001582,
53.557193,10.001778,
53.557163,10.00194,
53.557144,10.002021,
53.557131,10.00208,
53.557072,10.002229,
53.556915,10.002609,
53.556895,10.002711,
53.556892,10.002823,
53.556905,10.002941,
53.557163,10.0036,
53.557233,10.003764,
53.557306,10.003923,
53.557531,10.004444,
53.557641,10.004627,
53.557874,10.005191,
53.558448,10.006894,
53.55876,10.007708,
53.558981,10.008265,
53.559157,10.008682,
53.559229,10.008848,
53.55944,10.009265,
53.559552,10.009497,
53.559701,10.009839,
53.55978,10.010045,
53.55994,10.01054,
53.560283,10.011769,
53.560372,10.012023,
53.560481,10.012302,
53.560576,10.012513,
53.560649,10.012651,
53.56105,10.013262,
53.561151,10.013401,
53.561268,10.01357,
53.561305,10.013622,
53.561618,10.014029,
53.561639,10.014053,
53.561972,10.014558,
53.562024,10.014639,
53.562073,10.014795,
53.562103,10.014958,
53.562155,10.015268,
53.562177,10.015402,
53.562209,10.015633,
53.562222,10.015717,
53.562225,10.015772,
53.562224,10.015849,
53.562219,10.01593,
53.562211,10.016011,
53.562183,10.016181,
53.562148,10.016312,
53.562128,10.016384,
53.562116,10.016427,
53.562104,10.01647,
53.562052,10.016592,
53.56178,10.017137,
53.561496,10.017593,
53.561176,10.018104,
53.561038,10.018332,
53.56091,10.018593,
53.560677,10.019065,
53.560559,10.019282,
53.5604,10.01955,
53.560172,10.019865,
53.559281,10.021552,
53.558956,10.022082,
53.558747,10.022386,
53.558531,10.0227,
53.558505,10.022739,
53.558474,10.022798,
53.558449,10.022846,
53.55836,10.023046,
53.558315,10.023157,
53.558273,10.023273,
53.55817,10.023656,
53.558116,10.023767,
53.558009,10.023957,
53.557537,10.024782,
53.557483,10.02487,
53.557316,10.025159,
53.557075,10.025548,
53.556948,10.025756,
53.556912,10.025815,
53.556754,10.026072,
53.556613,10.026291,
53.556544,10.026212,
53.55631,10.02596,
53.55629,10.026003,
53.556279,10.026018,
53.556267,10.026028,
53.556254,10.026034,
53.556244,10.026037,
53.55623,10.026036,
53.556215,10.026033,
53.556202,10.026026,
53.556139,10.025974,
53.55606,10.025909,
53.555923,10.025802,
53.555807,10.025717,
53.555733,10.025668,
53.555592,10.025577,
53.555469,10.025516,
53.555357,10.025458,
53.55527,10.025424,
53.554915,10.025287,
53.554607,10.02517,
53.554482,10.025107,
53.554384,10.025047,
53.554312,10.025002,
53.554292,10.024986,
53.55428,10.024973,
53.554272,10.02496,
53.554266,10.024946,
53.55426,10.024928,
53.554257,10.024913,
53.554255,10.024897,
53.554255,10.024875,
53.554258,10.024849,
53.554276,10.02478,
53.554216,10.024723,
53.554152,10.024651,
53.554063,10.024547,
53.553997,10.02446,
53.553905,10.0243,
53.553871,10.024214,
53.553814,10.024195,
53.553761,10.024227,
53.553702,10.024255,
53.553598,10.024303,
53.553572,10.024338,
53.553556,10.024372,
53.553529,10.024447,
53.553509,10.024658,
53.553515,10.024745,
53.553523,10.024858,
53.553618,10.025814,
53.553661,10.026218,
53.553683,10.026446,
53.55376,10.027092,
53.553852,10.027522,
53.553936,10.028086,
53.55402,10.028587,
53.554111,10.029082,
53.554195,10.029542,
53.554428,10.030874,
53.554546,10.031543,
53.554575,10.031752,
53.554577,10.032013,
53.554592,10.032139,
53.554599,10.032213,
53.554603,10.032291,
53.554605,10.032356,
53.554608,10.032468,
53.554608,10.032536,
53.554606,10.032648,
53.554599,10.03278,
53.554583,10.032949,
53.554569,10.033124,
53.554495,10.033099,
53.554462,10.033097,
53.554412,10.033105,
53.554369,10.033122,
53.554343,10.033141,
53.554248,10.033234,
53.554167,10.033303,
53.554116,10.033346,
53.553672,10.033668,
53.553512,10.033785,
53.553391,10.033878,
53.553305,10.033944,
53.552878,10.034271,
53.552581,10.034499,
53.552526,10.034541,
53.552436,10.034612,
53.552316,10.034706,
53.552325,10.03503,
53.552343,10.035482,
53.552397,10.036061,
53.552415,10.036664,
53.55242,10.036842,
53.552432,10.037233,
53.552444,10.037618,
53.552435,10.037778,
53.552429,10.037935,
53.55243,10.038081,
53.552439,10.038331,
53.552471,10.039275,
53.552488,10.039777,
53.552505,10.040256,
53.552509,10.040358,
53.55251,10.040395,
53.552517,10.040616,
53.552524,10.040819,
53.552531,10.041025,
53.552533,10.041064,
53.552566,10.042077,
53.552569,10.042144,
53.552585,10.042682,
53.55259,10.043229,
53.552585,10.043765,
53.552577,10.044145,
53.552542,10.044896,
53.552515,10.045285,
53.552463,10.045913,
53.552422,10.04631,
53.55238,10.04664,
53.552316,10.047179,
53.552271,10.047532,
53.552224,10.047926,
53.552172,10.048347,
53.552163,10.048421,
53.552151,10.048516,
53.552116,10.04881,
53.552085,10.049068,
53.55202,10.049593,
53.552012,10.049927,
53.551884,10.050998,
53.551838,10.051385,
53.551645,10.052989,
53.551591,10.053161,
53.551545,10.053552,
53.551533,10.05365,
53.551502,10.053903,
53.551471,10.054161,
53.551437,10.054434,
53.551412,10.054926,
53.551255,10.056235,
53.551245,10.05632,
53.551198,10.05675,
53.551181,10.056896,
53.551149,10.057186,
53.551114,10.057526,
53.551097,10.057683,
53.551069,10.057973,
53.550982,10.058263,
53.550958,10.058477,
53.55095,10.058551,
53.550918,10.058824,
53.550903,10.058971,
53.550877,10.059184,
53.550853,10.059384,
53.550745,10.060313,
53.550706,10.060648,
53.550544,10.062039,
53.550536,10.062104,
53.550527,10.062183,
53.550477,10.062607,
53.550404,10.063224,
53.550249,10.064529,
53.550235,10.064644,
53.550209,10.064848,
53.550159,10.065315,
53.55014,10.065466,
53.550026,10.066424,
53.549932,10.067217,
53.549811,10.068115,
53.549796,10.068222,
53.549738,10.068624,
53.54958,10.069653,
53.549294,10.071305,
53.548957,10.07298,
53.548676,10.074174,
53.548309,10.07546,
53.54823,10.075701,
53.547851,10.076866,
53.547388,10.078086,
53.546998,10.079039,
53.546532,10.08011,
53.545213,10.082943,
53.544983,10.083465,
53.544479,10.084564,
53.54408,10.085483,
53.543971,10.085745,
53.543495,10.086908,
53.542466,10.089524,
53.541122,10.093129,
53.540471,10.094943,
53.539074,10.099088,
53.538521,10.100765,
53.537525,10.103877,
53.53711,10.105095,
53.536616,10.106457,
53.536276,10.107349,
53.536191,10.107585,
53.535245,10.109863,
53.534567,10.111391,
53.533888,10.11292,
53.533838,10.113036,
53.533752,10.113231,
53.533339,10.114222,
53.53105,10.119716,
53.530851,10.120193,
53.529192,10.124276,
53.529014,10.124769,
53.528881,10.125154,
53.528791,10.125458,
53.528701,10.1258,
53.528614,10.126146,
53.528552,10.126481,
53.528496,10.126847,
53.528451,10.127175,
53.528318,10.127644,
53.528121,10.128627,
53.528032,10.129043,
53.527965,10.129323,
53.527868,10.129643,
53.527752,10.13001,
53.527613,10.130328,
53.527383,10.130766,
53.527194,10.131105,
53.527006,10.131475,
53.526933,10.131651,
53.52687,10.13185,
53.526807,10.132135,
53.526785,10.132372,
53.526776,10.132653,
53.526781,10.1329,
53.526803,10.133129,
53.52683,10.133289,
53.526872,10.133458,
53.526919,10.133614,
53.526942,10.133686,
53.527017,10.133854,
53.527118,10.134052,
53.527217,10.134201,
53.527323,10.134319,
53.527421,10.134408,
53.527533,10.134489,
53.527687,10.134561,
53.528083,10.134693,
53.528196,10.134732,
53.528356,10.134808,
53.528873,10.135127,
53.530288,10.136566,
53.532404,10.138627,
53.533309,10.139482,
53.533952,10.140062,
53.534053,10.140151,
53.534871,10.140865,
53.535943,10.141793,
53.53685,10.142536,
53.540489,10.14534,
53.541179,10.145788,
53.541721,10.146107,
53.541936,10.146221,
53.542362,10.146464,
53.543143,10.146864,
53.543541,10.147063,
53.543763,10.147172,
53.545012,10.147722,
53.545359,10.147865,
53.547852,10.148828,
53.548689,10.149138,
53.548896,10.149217,
53.54976,10.149567,
53.550241,10.149739,
53.550333,10.149778,
53.551064,10.150083,
53.552386,10.150704,
53.553198,10.151126,
53.553913,10.151539,
53.554493,10.151907,
53.555486,10.15258,
53.556042,10.153057,
53.556369,10.153359,
53.556834,10.15382,
53.557548,10.154578,
53.557999,10.155119,
53.55846,10.155749,
53.558951,10.156513,
53.559292,10.157075,
53.55963,10.157732,
53.559917,10.158296,
53.560129,10.158772,
53.56033,10.15928,
53.560682,10.160253,
53.560844,10.160748,
53.560984,10.161262,
53.561081,10.161674,
53.561166,10.162089,
53.561252,10.162528,
53.561319,10.162967,
53.561385,10.163496,
53.561427,10.164021,
53.561461,10.164621,
53.561475,10.165208,
53.561476,10.168577,
53.561495,10.17014,
53.561519,10.170868,
53.561567,10.172246,
53.561606,10.172772,
53.56161,10.172832,
53.561692,10.173602,
53.561802,10.174465,
53.561948,10.175392,
53.562062,10.17616,
53.562313,10.177324,
53.562644,10.178617,
53.5631,10.180218,
53.563533,10.181569,
53.563976,10.18279,
53.564351,10.183736,
53.564697,10.18453,
53.565004,10.185223,
53.565511,10.186247,
53.565568,10.186359,
53.565858,10.186941,
53.566616,10.188236,
53.567263,10.189237,
53.567926,10.190176,
53.568918,10.191424,
53.568987,10.191511,
53.572617,10.195707,
53.573682,10.196938,
53.573999,10.197304,
53.575378,10.198898,
53.576725,10.200419,
53.577132,10.200899,
53.578434,10.202402,
53.587809,10.213273,
53.588176,10.213705,
53.596126,10.222874,
53.596605,10.223424,
53.598298,10.225412,
53.599295,10.226431,
53.599791,10.226924,
53.600299,10.227403,
53.600619,10.227687,
53.600949,10.22795,
53.601587,10.228446,
53.602095,10.228776,
53.602602,10.22908,
53.603273,10.229441,
53.603937,10.229777,
53.604546,10.230039,
53.605154,10.230269,
53.607786,10.231022,
53.608031,10.231092,
53.611681,10.232137,
53.613316,10.2326,
53.615693,10.233283,
53.615893,10.233352,
53.616632,10.233604,
53.617179,10.233867,
53.618038,10.234325,
53.618609,10.234704,
53.619307,10.235231,
53.620014,10.235869,
53.620752,10.236651,
53.621411,10.237411,
53.6229,10.239534,
53.626219,10.244413,
53.629769,10.24971,
53.633065,10.254567,
53.634233,10.256272,
53.635371,10.257947,
53.635571,10.258242,
53.635865,10.258688,
53.636271,10.259337,
53.636564,10.25984,
53.6369,10.260484,
53.637189,10.261066,
53.637495,10.261741,
53.637849,10.262579,
53.638134,10.263301,
53.6384,10.264064,
53.638732,10.265114,
53.638921,10.265785,
53.639507,10.267896,
53.639922,10.269372,
53.640755,10.272446,
53.641112,10.273731,
53.641335,10.274555,
53.641587,10.275406,
53.641865,10.276259,
53.642202,10.27725,
53.642437,10.277862,
53.64271,10.278514,
53.642985,10.279129,
53.643423,10.280009,
53.643755,10.280602,
53.644088,10.281184,
53.644432,10.281756,
53.645077,10.282685,
53.645722,10.283614,
53.647814,10.286411,
53.649185,10.288241,
53.650134,10.289496,
53.651484,10.291321,
53.652465,10.292588,
53.65331,10.293622,
53.654452,10.294831,
53.655861,10.296084,
53.657838,10.297473,
53.658011,10.297595,
53.660724,10.299501,
53.664459,10.302127,
53.668852,10.305215,
53.671265,10.306911,
53.674579,10.309242,
53.676514,10.310602,
53.679078,10.312404,
53.681591,10.314172,
53.683327,10.315392,
53.685618,10.317003,
53.687641,10.318427,
53.690832,10.320671,
53.692049,10.321519,
53.692991,10.322176,
53.694704,10.32337,
53.695198,10.323677,
53.69628,10.324363,
53.696868,10.324705,
53.697477,10.32506,
53.698262,10.325516,
53.699376,10.326165,
53.700659,10.326911,
53.701839,10.327597,
53.704425,10.329102,
53.709761,10.332206,
53.710421,10.332591,
53.712297,10.333682,
53.712698,10.333916,
53.713094,10.334174,
53.713593,10.334531,
53.713952,10.334814,
53.714415,10.3352,
53.715934,10.336511,
53.716462,10.336966,
53.718384,10.338689,
53.719964,10.340045,
53.722375,10.342199,
53.724143,10.343752,
53.727991,10.347175,
53.731818,10.35057,
53.735844,10.354136,
53.740022,10.357802,
53.744257,10.36155,
53.746063,10.363137,
53.747244,10.364194,
53.748765,10.36572,
53.749692,10.366791,
53.750966,10.36834,
53.751643,10.369178,
53.752359,10.370046,
53.756497,10.375203,
53.760837,10.380528,
53.762875,10.383138,
53.763861,10.384627,
53.764445,10.385571,
53.767446,10.390983,
53.771148,10.39773,
53.7736,10.402264,
53.776242,10.40693,
53.777378,10.4087,
53.778537,10.4102,
53.779808,10.411868,
53.780226,10.412406,
53.780505,10.412764,
53.781274,10.413726,
53.78265,10.415527,
53.784365,10.41774,
53.785791,10.41961,
53.786074,10.419977,
53.786485,10.420523,
53.786697,10.420803,
53.788574,10.42328,
53.789483,10.42465,
53.790201,10.425882,
53.790694,10.426832,
53.791083,10.427583,
53.792057,10.429485,
53.792213,10.429788,
53.793198,10.43171,
53.793684,10.432668,
53.795285,10.435823,
53.797642,10.440472,
53.799565,10.444295,
53.800072,10.445308,
53.801454,10.448014,
53.802502,10.450022,
53.803401,10.451744,
53.80397,10.452895,
53.80453,10.453961,
53.80515,10.455103,
53.805851,10.456152,
53.807361,10.458327,
53.809564,10.461169,
53.810082,10.46188,
53.811176,10.463346,
53.812851,10.465914,
53.814545,10.469082,
53.815784,10.471872,
53.816783,10.474584,
53.817549,10.477069,
53.817925,10.478446,
53.818211,10.47958,
53.818362,10.480228,
53.81848,10.480762,
53.818683,10.48176,
53.818873,10.482758,
53.819054,10.483823,
53.819224,10.484938,
53.819446,10.486618,
53.819618,10.488297,
53.819758,10.490004,
53.819806,10.490874,
53.819844,10.491748,
53.819892,10.493252,
53.819897,10.493432,
53.820006,10.501048,
53.820051,10.504669,
53.820088,10.507806,
53.820116,10.508656,
53.820142,10.51022,
53.82016,10.510988,
53.820182,10.513777,
53.82019,10.514211,
53.820269,10.518563,
53.820351,10.520177,
53.820487,10.521791,
53.820912,10.525107,
53.820985,10.52556,
53.821752,10.529015,
53.822668,10.531981,
53.822793,10.532354,
53.823621,10.534837,
53.823722,10.535135,
53.824906,10.53865,
53.826899,10.544565,
53.828577,10.548815,
53.829802,10.551448,
53.830984,10.55399,
53.833419,10.55875,
53.835626,10.563084,
53.83588,10.563559,
53.838019,10.567636,
53.839287,10.570269,
53.840103,10.572077,
53.841312,10.574739,
53.842405,10.577145,
53.84304,10.5785,
53.84347,10.579418,
53.844141,10.58085,
53.845313,10.583411,
53.845916,10.584721,
53.846284,10.585528,
53.846731,10.586499,
53.846809,10.58667,
53.847843,10.588922,
53.849355,10.592194,
53.849831,10.593229,
53.850336,10.594327,
53.850752,10.595276,
53.851864,10.597664,
53.853699,10.601686,
53.854556,10.603538,
53.855408,10.605401,
53.856149,10.60702,
53.856933,10.608723,
53.857428,10.609886,
53.857876,10.610895,
53.858605,10.612598,
53.859527,10.614933,
53.859927,10.615941,
53.861066,10.618811,
53.861566,10.620062,
53.862683,10.622887,
53.863126,10.62401,
53.863781,10.625665,
53.863973,10.62615,
53.864404,10.62721,
53.864711,10.627984,
53.865742,10.630462,
53.865971,10.631011,
53.866688,10.632701,
53.867952,10.635626,
53.868206,10.636221,
53.868989,10.638085,
53.869524,10.639348,
53.871059,10.642944,
53.872851,10.647146,
53.873293,10.648187,
53.876167,10.654953,
53.876663,10.656061,
53.877196,10.65717,
53.877793,10.658337,
53.878326,10.659253,
53.87878,10.659999,
53.879085,10.660457,
53.879193,10.660614,
53.879503,10.661284,
53.879681,10.66173,
53.879759,10.661969,
53.879838,10.662271,
53.87994,10.662724,
53.880113,10.663635,
53.880131,10.663717,
53.880172,10.664056,
53.880164,10.664369,
53.88013,10.664541,
53.880011,10.664797,
53.87981,10.665161,
53.879585,10.665426,
53.879365,10.66565,
53.87892,10.666041,
53.87827,10.666579,
53.877771,10.666986,
53.877534,10.667093,
53.877349,10.667242,
53.877243,10.667286,
53.877156,10.667288,
53.877015,10.667257,
53.876893,10.667195,
53.876749,10.66708,
53.876618,10.666929,
53.876483,10.666629,
53.876301,10.66623,
53.876155,10.665911,
53.876127,10.665849,
53.875806,10.665148,
53.875574,10.66464,
53.875525,10.664533,
53.875486,10.664446,
53.875427,10.664301,
53.875289,10.664436,
53.875261,10.664465,
53.874703,10.665027,
53.874498,10.665204,
53.874165,10.665494,
53.874011,10.665643,
53.873876,10.665768,
53.873742,10.665881,
53.873596,10.666002,
53.873382,10.666184,
53.872869,10.666621,
53.872835,10.666649,
53.872807,10.666674,
53.872242,10.667181,
53.872094,10.667313,
53.871894,10.667491,
53.871755,10.667621,
53.871502,10.667829,
53.871037,10.668372,
53.871004,10.66841,
53.870914,10.668525,
53.870848,10.668622,
53.870536,10.669041,
53.870381,10.669319,
53.8703,10.669469,
53.870078,10.669891,
53.870011,10.67001,
53.869655,10.670646,
53.869444,10.670983,
53.869105,10.671464,
53.869025,10.671608,
53.868864,10.671868,
53.868355,10.672579,
53.868282,10.672646,
53.868196,10.672703,
53.867991,10.672909,
53.867812,10.673115,
53.867771,10.673166,
53.867678,10.673263,
53.867592,10.673353,
53.867545,10.673401,
53.867218,10.673783,
53.867086,10.673915,
53.866927,10.674068,
53.866774,10.674194,
53.866584,10.674355,
53.866477,10.674414,
53.866357,10.674472,
53.866336,10.674444,
53.866312,10.674422,
53.866288,10.674405,
53.866252,10.674393,
53.866217,10.674392,
53.866181,10.674403,
53.866148,10.674425,
53.866118,10.674458,
53.866096,10.674491,
53.866077,10.674531,
53.866063,10.674574,
53.86605,10.674636,
53.866045,10.6747,
53.866048,10.674765,
53.866059,10.674828,
53.866077,10.674886,
53.866095,10.674925,
53.866117,10.674958,
53.86614,10.674985,
53.866166,10.675005,
53.866175,10.675064,
53.866197,10.675199,
53.866215,10.67533,
53.866219,10.675377,
53.86622,10.675421,
53.866219,10.675471,
53.866217,10.675515,
53.866162,10.676085,
53.866125,10.676469,
53.866065,10.677182,
53.866043,10.677383,
53.865962,10.677396,
53.86532,10.677572,
53.865304,10.677576,
53.865171,10.677612,
53.864861,10.677762,
53.864791,10.677808,
53.864457,10.67803,
53.864191,10.67816,
53.86405,10.678217,
53.863207,10.678515,
53.862846,10.678641,
53.861788,10.678985,
53.86172,10.679005,
53.861684,10.679017,
53.861534,10.679066,
53.861485,10.679081,
53.861369,10.679121,
53.861362,10.679247,
53.861345,10.679345,
53.861267,10.679774,
53.861206,10.680028,
53.861057,10.680374,
53.860834,10.680765,
53.860799,10.680822,
53.860473,10.681346,
53.860288,10.681645,
53.860137,10.681894,
53.859456,10.683023,
53.859199,10.683451,
53.859049,10.683708,
53.858762,10.684195,
53.858582,10.68451,
53.858508,10.684636,
53.858445,10.684819,
53.858416,10.685088,
53.858423,10.685202,
53.858436,10.685463,
53.858447,10.685696,
53.858458,10.68597,
53.858459,10.686036,
53.85846,10.686107,
53.858462,10.686502,
53.858455,10.68675,
53.858398,10.687566,
53.858398,10.68771,
53.858404,10.68778,
53.858427,10.687861,
53.858534,10.688109,
53.858759,10.688468,
53.858948,10.688769,
53.858997,10.688844,
53.859519,10.689649,
53.859702,10.689927,
53.859803,10.690149,
53.85985,10.690296,
53.859887,10.690425,
53.859858,10.690444,
53.859824,10.690465,
53.859724,10.690529,
53.859582,10.690633,
53.859468,10.690712,
53.859416,10.690742,
53.859377,10.69077,
53.859245,10.690869,
53.8589,10.691129,
53.858849,10.691168,
53.858719,10.691265,
53.858614,10.691343,
53.858563,10.691401,
53.858526,10.691443,
53.858489,10.691372,
53.858441,10.691326,
53.858386,10.69131,
53.858331,10.691324,
53.858282,10.691369,
53.858245,10.691438,
53.858228,10.691498,
53.858218,10.691593,
53.858226,10.691675,
53.85824,10.691731,
53.858265,10.691787,
53.858308,10.691841,
53.858359,10.691869,
53.858413,10.691869,
53.858463,10.691839,
53.858506,10.691784,
53.858534,10.69185,
53.85858,10.691954,
53.858638,10.69207,
53.8587,10.692177,
53.858751,10.692265,
53.85912,10.692801,
53.859358,10.693076,
53.859531,10.693249,
53.859688,10.693376,
53.859652,10.693453,
53.859641,10.693478,
53.859573,10.693622,
53.859482,10.693814,
53.859119,10.694445,